10.03524522653924, 9.765420001565555, 0

12.269814732217217, 11.75943699592502, 0

10.124588022355042, 9.30539456987922, 0

11.638468963989991, 9.986723255433924, 0

10.53078744730625, 12.339600538912176, 0

8.957329443471998, 9.626316921965385, 0

10.11591313874388, 9.115465137290869, 0

12.188507080354718, 10.048695700335147, 0

9.125310882352164, 8.997895832975214, 0

9.691819964998675, 9.951563899727383, 0

8.964148420191488, 10.012665894482089, 0

10.575220649177567, 9.208626564120328, 0

8.845732570501267, 9.736218593870557, 0

9.452925729153183, 9.522572798124457, 0

8.90651417140325, 11.247802888268918, 0

9.970069634608443, 9.619663078863896, 0

9.21435741939472, 11.077384401817055, 0

9.026225756866134, 10.626450543715219, 0

10.239332292230598, 9.819949770774217, 0

8.701584106059446, 9.006977634064713, 0

9.500443540305351, 10.728687354958575, 0

9.395062734172834, 9.299574839873626, 0

11.13296641184009, 11.489275853269476, 0

9.481246561394613, 9.698603578133937, 0

10.24480707410347, 8.731141842184925, 0

10.716045686737738, 9.776277344256762, 0

9.983506020167257, 9.537877582784224, 0

10.293726910124553, 10.947845027554369, 0

10.22110858553518, 10.058929091483822, 0

10.137891785766739, 9.747616932001275, 0

8.144707583214476, 10.535239767922139, 0

9.268827497556059, 12.18659355743046, 0

8.79772044888459, 9.69974863378773, 0

7.69901764822162, 9.328725343805555, 0

10.414562154108745, 10.563327481273621, 0

11.90655094725031, 10.046809490634542, 0

8.88789191660706, 10.85971390964468, 0

9.060225080717265, 9.976507465727467, 0

9.22535173521265, 10.116208634773091, 0

10.515975530863015, 8.745886448230166, 0

9.07170998200509, 9.016302650419423, 0

7.774570031510037, 11.60630990154643, 0

10.402160785141632, 10.585350582799066, 0

8.670786947902196, 11.206067603565845, 0

9.935442028141864, 9.639574956891849, 0

9.98361512602156, 7.847877220425049, 0

12.055881169291926, 10.337736026214793, 0

8.942941646314, 11.59236557877367, 0

10.446355258775881, 11.326067927650504, 0

11.053440671561956, 10.629423310113161, 0

10.93340590211985, 8.698011899070208, 0

9.918081402569555, 8.847932135112709, 0

8.42901528844613, 9.756531310419215, 0

9.40228518153028, 8.701683107836523, 0

11.340594177451548, 10.566294588324082, 0

10.597649863767964, 9.05848836905916, 0

8.451875867034865, 11.072773697908492, 0

9.82037338704732, 11.612463651871481, 0

10.88608278629441, 10.353085727158085, 0

11.854570487246034, 9.297760169216826, 0

11.029120265617847, 11.24397414982932, 0

10.32782456370409, 10.666408540038859, 0

11.95590352482192, 9.196623907726709, 0

10.556132437491888, 7.724627339236928, 0

9.169746563892357, 9.545155221251244, 0

9.432341765583187, 9.258165096602516, 0

9.132510670953181, 9.050142676669651, 0

7.803099209621325, 11.324659879535169, 0

9.454046999678745, 9.337143038342314, 0

10.038297427186588, 10.02003276017152, 0

10.021567304354605, 8.939855842791804, 0

9.54930624354327, 10.509968122660398, 0

8.413043761845419, 7.948751437185442, 0

8.569921395914738, 9.731430165470915, 0

9.752173049236964, 10.33458959898351, 0

10.247429357570649, 11.498111799032593, 0

8.814352684803588, 9.735975301333895, 0

11.789082822513958, 10.078208459053014, 0

11.11621261274495, 10.955748365110717, 0

10.436163513125353, 10.995138059572438, 0

10.331127780473237, 9.881912445849997, 0

9.258048432504447, 10.487927164246438, 0

9.874368384702533, 8.493770183111755, 0

10.251485150998771, 11.011622499982352, 0

7.900589419736077, 10.003591549874592, 0

9.977039802194179, 11.678497344396085, 0

10.41047535077777, 10.606424409231975, 0

9.767052668558438, 9.631511191477742, 0

9.71383847213367, 10.888991008237907, 0

9.962857935212087, 10.44985533090353, 0

10.606213731402823, 9.885968830635816, 0

10.2828701314658, 8.669991586017636, 0

9.522040513438775, 9.259313991168279, 0

8.877099206926564, 11.367149969174436, 0

10.270880151186027, 11.607282496776994, 0

11.352647723110133, 10.870093063258626, 0

9.129020199306941, 9.598249426067913, 0

10.50575430837789, 9.044183072399225, 0

11.054262588769326, 10.399168428308752, 0

9.501656314804125, 9.374506614391652, 0

9.721854530526018, 9.325767970430672, 0

10.81843387096103, 8.636983285476909, 0

9.09636870181862, 9.072988393892613, 0

10.250891490633682, 10.186225465779385, 0

9.571562479240498, 9.817640749332156, 0

11.2067347374721, 10.341542292577952, 0

11.293466903409687, 10.977393774470196, 0

9.411670547194486, 11.412077016707052, 0

9.67249017913649, 9.912458100855046, 0

13.079610866087908, 11.003413701607775, 0

8.295294856286832, 10.362833975889536, 0

8.39454099630874, 8.710831859557205, 0

9.648803683358677, 8.89028636176365, 0

11.070961909718845, 11.33070145250359, 0

10.701444921410314, 9.490648506608292, 0

9.95334397676482, 11.667213507401282, 0

9.098359871411596, 9.147786419408241, 0

9.104955344958833, 8.899934447602583, 0

10.191681973669038, 9.885647315024928, 0

11.152974721573345, 10.191269885913648, 0

11.165288859222613, 11.99310853672799, 0

9.756877632428122, 9.265278401400227, 0

8.566153601152177, 8.40178915409318, 0

11.740693743694443, 10.31133754442797, 0

8.839270085872325, 11.920589274997443, 0

8.125480781357801, 10.10640348299372, 0

11.043509833028647, 10.206984394763074, 0

9.576782880362607, 10.451377287807423, 0

10.370348750049708, 10.000587696864622, 0

9.355790245781844, 9.710191035132631, 0

9.593538524821184, 9.05137054274349, 0

9.197250661959737, 9.046919788564155, 0

9.910407089942472, 10.091215282881686, 0

11.579851202425427, 10.057129124213395, 0

8.790709048807045, 11.833235664907003, 0

10.233849196234043, 9.272844075717646, 0

10.420453878602553, 11.236121238266623, 0

8.794379032157579, 11.103953238181754, 0

10.02449756461224, 9.956428527923752, 0

9.729484374682656, 9.911955208534852, 0

8.423288636586955, 9.718173939311189, 0

11.840300134804984, 10.939412721562148, 0

10.326856906543574, 10.383114357366773, 0

9.337885555811127, 8.681308573567422, 0

11.417191798272908, 10.3869376625419, 0

11.147416885502759, 10.836083819726566, 0

10.237471330152221, 9.356801832300565, 0

11.441546417709807, 9.708099494107133, 0

10.754238637247543, 10.592492887472417, 0

10.246252267567064, 9.982401733403293, 0

9.502884959207979, 9.74794996298673, 0

8.533500983119938, 10.034816948518644, 0

8.814624502626888, 9.968158898108417, 0

8.043280136428338, 10.806715817716963, 0

10.265707477748549, 9.31097450333648, 0

10.248470719618581, 9.639597761269915, 0

11.479973752270846, 11.903519309268475, 0

8.993473379111924, 10.487423598582225, 0

11.553695865181883, 10.531668512136916, 0

10.431761132294554, 10.97088490180489, 0

11.556469279787386, 9.457399400404876, 0

10.494435418742567, 10.221062453753682, 0

11.302389983662398, 8.787844786687643, 0

11.810832828246415, 9.458061243646275, 0

10.065442142238144, 9.405995053657435, 0

9.587508914435986, 9.953881438666492, 0

9.684755147860768, 9.393324889242157, 0

10.55089394660477, 10.246910794989459, 0

9.50060948526069, 9.404121934430808, 0

10.638104304321617, 8.257698031477148, 0

10.965720152421333, 11.120562741555602, 0

10.675666453008391, 9.974732143931087, 0

10.46721561737328, 10.528415550308543, 0

10.536481648650406, 10.698659916382622, 0

10.234534707116904, 10.078980739620695, 0

10.407517992841342, 8.81100035034196, 0

8.876974032194829, 8.343776713900171, 0

10.40936541767387, 8.724384737428846, 0

10.05116012268033, 10.5789107847788, 0

10.093990236238982, 10.732728178756888, 0

10.188957637425005, 9.748142191786748, 0

9.124346409694684, 9.877569046030194, 0

10.772198848637432, 8.3624879162172, 0

10.81089290767157, 8.587079992379177, 0

9.67019139018675, 9.273679302419913, 0

10.712268236950237, 9.828961676948683, 0

10.489337592183542, 10.949722418098483, 0

10.101922053372439, 10.96143616879287, 0

9.50233595194233, 11.99405730605475, 0

10.434181195966252, 9.144844805346445, 0

7.964671052118026, 10.460850350825678, 0

11.422428814253559, 10.36156767067941, 0

9.459466049764512, 10.49319560069458, 0

9.757052075712085, 9.971343293718958, 0

9.74432404031185, 9.71432220311763, 0

9.660143352207594, 10.154662575022991, 0

11.121054812655538, 10.029871622082277, 0

8.428498277600891, 9.805495739975921, 0

10.145527814545389, 10.020538533603657, 0

9.22389102204865, 9.064154180118344, 0

10.113126810996402, 8.141810596038459, 0

7.988113022401574, 10.135079814648329, 0

10.371631901879688, 11.371274654762116, 0

10.083582889249238, 10.690742125670006, 0

9.6901053133686, 8.953901666215808, 0

9.607333662785917, 11.238174906946801, 0

10.657265022237416, 10.502567909550997, 0

8.841556559855025, 10.586681831048093, 0

11.147572736058168, 9.885574842795076, 0

11.002295636304309, 10.116038857973743, 0

10.664059687850594, 8.452626884386415, 0

10.591190605460955, 11.436701355746221, 0

11.362847865578802, 9.391213792223875, 0

12.370991241250657, 8.697749807095676, 0

10.104625471877153, 10.42540989165545, 0

9.850588209279307, 11.454505981296148, 0

9.51085861916385, 10.934371339624427, 0

9.114041151941414, 12.195500810333426, 0

10.230285404117659, 9.895951207067698, 0

9.492876786946862, 11.119375315762111, 0

11.126320048904155, 10.263400187538458, 0

9.747349758983942, 10.108939803490363, 0

10.262600176594441, 10.328230022005608, 0

10.742315326720478, 10.779888580922254, 0

10.115582600482885, 10.063403018687344, 0

9.636033277074095, 9.472166812698706, 0

7.720157171535515, 8.124010912199598, 0

8.89276195466585, 9.527702883349681, 0

8.943202295895285, 10.462799998702108, 0

10.292994521707838, 12.093199725943863, 0

10.190593651008303, 9.379645821442763, 0

11.269054677413095, 10.714659016860665, 0

9.24304352697852, 12.2265344858449, 0

10.318659531236587, 9.62499149129834, 0

12.997935399662833, 9.001820580087172, 0

9.349076213558494, 10.454162949919011, 0

10.332201396800844, 9.895392493921673, 0

10.926191956169427, 9.653160020111054, 0

10.670023102565093, 10.980270230842692, 0

9.848096514255705, 11.019803314294451, 0

11.977385910097619, 9.9604547162464, 0

10.912436174695786, 10.613470374399364, 0

9.89712421349277, 9.191656172795753, 0

10.697975357827616, 10.34974113094597, 0

10.967869617421806, 10.522638228599346, 0

10.48119256906979, 7.978512978881205, 0

10.529915866057774, 9.861999374401957, 0

9.875001822445457, 10.338528234336929, 0

9.75129959623104, 10.431892982023518, 0

12.094265221670176, 8.84157566432777, 0

9.126271226320558, 9.785108291371614, 0

10.941645834868426, 7.846856084873904, 0

8.738945015876125, 11.528612059113097, 0

8.942736115546191, 8.165171501823579, 0

9.709082528476399, 11.64904929039904, 0

11.1393824489735, 9.267270668372094, 0

10.659042148877687, 11.638907797085551, 0

10.923101853379356, 10.68955756021429, 0

10.009116628918386, 11.689551784906552, 0

8.302357967208145, 10.689886271097706, 0

9.999697464404258, 9.760499671729852, 0

10.738242054455643, 8.688911273313932, 0

9.10880961942661, 10.472188289741391, 0

12.903267866988875, 11.400738746708296, 0

9.428808656002113, 9.596319895038073, 0

10.382538428568985, 11.96307361639399, 0

10.707645959052599, 8.741714245142369, 0

8.677841327955402, 9.68785834380521, 0

11.013080325014409, 12.538045514979633, 0

10.671796391059162, 9.551509761602894, 0

10.057559616848021, 10.441764314876131, 0

8.365665096576635, 11.19369585751457, 0

11.060295645165647, 10.76265281599293, 0

8.625512309949137, 7.972320090133682, 0

10.480240033887604, 8.762808338664836, 0

10.216990024806337, 11.713437813955027, 0

8.745833158058876, 9.97949491996836, 0

11.413265715028958, 9.018383557186995, 0

9.654541898286121, 9.69033339120716, 0

8.836462408852881, 11.288645277652252, 0

11.396474119311666, 10.332673308512419, 0

8.104186378303638, 9.996623012519018, 0

9.98788160677813, 9.689008238391771, 0

8.919482110795926, 9.639715593162842, 0

10.798569174378677, 9.936381855565507, 0

8.568716079171036, 9.701644017888988, 0

10.230744967875946, 7.942676191317667, 0

9.323112033594443, 9.465346793373683, 0

10.042857937877745, 10.534945404823551, 0

10.461662896026848, 11.018775397118334, 0

9.652956254397104, 12.317889688393418, 0

8.88939773333263, 10.795060176526206, 0

9.818891378644368, 9.728465199142699, 0

10.312662732698172, 7.468963925546614, 0

9.675358806234382, 9.175482047578503, 0

9.766105575541642, 9.492422675862322, 0

9.114487887490963, 11.813159988452657, 0

9.977781299515522, 9.65389740941315, 0

8.972026733747278, 8.928229323081041, 0

10.45830771546919, 7.819509307623489, 0

8.983817198611645, 10.240462213909382, 0

9.34410776328775, 9.461275827433596, 0

11.438151260620115, 10.55640294548361, 0

9.785317797230054, 10.259028973285305, 0

9.534773356455249, 9.989232501047402, 0

10.87653412332697, 9.858270517789942, 0

9.62065713080672, 10.63102457732487, 0

10.367987008213962, 10.20381635627621, 0

10.204091022072578, 9.85611467679732, 0

10.605680185099668, 9.72310259111641, 0

9.338704372063958, 10.48021048506743, 0

11.110503788813094, 9.55892285065149, 0

9.91733959861071, 8.986302352722088, 0

10.917945818943743, 10.184031131601811, 0

10.075823192771823, 8.195050107280686, 0

9.800163468488133, 8.337067319127772, 0

9.687256442489552, 11.537359298119735, 0

8.632679079191979, 9.373049893491475, 0

11.404650544868336, 10.020527471900861, 0

10.38806260063858, 10.223161919331242, 0

10.269335557671022, 8.746492115301086, 0

8.749033768564072, 10.194756182673823, 0

8.349209581665944, 9.54226407371996, 0

8.878878487005627, 9.629802663779882, 0

11.515956733987576, 9.508457277065396, 0

10.13486821678981, 10.128799708431155, 0

8.111719090975313, 10.880111506156775, 0

10.564854461182787, 10.524049188461793, 0

9.07419331192252, 10.63132522961501, 0

8.986076170499556, 8.53867315696345, 0

10.754098118881801, 10.37193308139621, 0

8.754463412232528, 10.798572104293058, 0

11.531846211791516, 11.087410284081173, 0

9.963945520998571, 9.716644867084257, 0

8.925813873136255, 8.958567715092746, 0

10.367783065591981, 10.452942219094304, 0

10.29192084300454, 9.825082214355094, 0

10.263946049489158, 10.02458900624115, 0

8.542818922579674, 10.033483327236373, 0

9.153439051022184, 11.3651903243356, 0

10.760699572806912, 9.782397503165035, 0

10.325243074785975, 11.141195913084617, 0

9.763977474613952, 9.663864263072618, 0

11.238880466478982, 11.473170694134893, 0

9.378261422637934, 7.918638376400251, 0

9.11000254198569, 8.433159544662715, 0

10.793850157605416, 11.182890482569926, 0

10.687123672651369, 10.654332651769067, 0

11.87875912671599, 11.442795247372713, 0

9.927307317908367, 10.652046069837688, 0

9.989329882722938, 10.24840444607462, 0

10.51910542684168, 10.747540587921234, 0

9.242205278814762, 12.4692405682851, 0

9.747846228218854, 9.504112220112953, 0

11.450414057061147, 10.151750877525984, 0

11.483871844799262, 9.491801797027946, 0

9.507137224979314, 10.256808987124883, 0

9.770339429644903, 10.003433085057754, 0

10.289504972294326, 10.366375030833026, 0

9.389396550218125, 9.61362951771715, 0

10.79442677998392, 11.034359109226877, 0

10.583753019722952, 10.464520854355287, 0

8.870607841511706, 8.50514625413126, 0

11.847114950274722, 10.145679747150657, 0

11.565861940221719, 8.70499612792524, 0

11.036398662751163, 10.157573500403828, 0

10.692533828648106, 9.707434274941898, 0

10.126217323837643, 10.612760167273374, 0

9.374205970900597, 7.071526151625952, 0

6.953634513711076, 10.88849219393053, 0

8.794679802434445, 8.244520713372378, 0

9.885020484104958, 9.075381104320739, 0

10.970588697161238, 10.308776318563991, 0

10.58785516374582, 8.390153590511712, 0

12.088536219125018, 9.562538637029697, 0

9.560691872040875, 7.847268528994503, 0

11.914693237035076, 8.53362873538973, 0

9.10510691407603, 9.825127062413486, 0

9.856205723365342, 8.314232213420073, 0

9.407576116909903, 8.160315278130591, 0

9.452965561904394, 12.363749052996493, 0

9.47460822789923, 10.94304255463255, 0

10.767546413345958, 9.252997106925504, 0

9.537161342351183, 10.67730535183299, 0

11.816003999542586, 11.587888793301609, 0

11.43701972759016, 10.279558865606974, 0

8.904376896788513, 12.124018496482403, 0

10.707240008206535, 7.9906790289389, 0

9.690930608712474, 9.983675000567683, 0

10.347211027823908, 10.680196403031504, 0

11.766585870442345, 10.075870257133388, 0

9.734869652613366, 10.704202053606373, 0

9.357626033517903, 9.759863390617088, 0

9.928683633953979, 8.936432721113723, 0

10.329255552274311, 11.58588380366232, 0

9.262624972963492, 10.679265324576745, 0

7.465689895004886, 7.799819080333311, 0

10.545748127338063, 11.175738187631913, 0

10.727351752097864, 9.519065553416475, 0

9.230061332839316, 8.43554512508122, 0

10.188902133000965, 11.704871826519247, 0

10.250464683626198, 10.433920421624418, 0

9.46975710673356, 11.158316709034507, 0

11.590247286782901, 11.103421669946927, 0

11.311056819661038, 10.648206287259212, 0

10.002924392390423, 10.127499622374645, 0

9.289143948747494, 9.687113747438588, 0

8.531233218339025, 10.214604462915673, 0

8.202294784257035, 10.316950188452902, 0

9.629474925698638, 9.390591936620371, 0

9.698907030919672, 9.309411258415542, 0

9.240250511576509, 10.3575132112766, 0

9.554739739779357, 9.40005076627876, 0

8.906082302976266, 9.866162871648989, 0

9.914071906593774, 8.098478518442743, 0

9.070901226885706, 10.383631709743765, 0

8.98640624866815, 8.181428600402102, 0

8.735935279896216, 11.182396104686946, 0

8.831048568108077, 10.10565377939926, 0

11.047580332832535, 8.552295568241453, 0

9.814376363739482, 10.199637955156891, 0

10.83794503980031, 10.144113892021466, 0

10.864924544950565, 10.625926894521964, 0

9.770397968012368, 10.218656502644796, 0

8.467209151160773, 9.717768387915164, 0

12.096399117101281, 10.622396972044893, 0

9.663412978357385, 9.50796328369713, 0

11.394052805578863, 10.092136128807294, 0

10.248251960903495, 9.57854672682344, 0

10.761494434789157, 9.947862470632812, 0

9.067641248581007, 9.416229088739756, 0

9.638024826859521, 10.486964227824881, 0

9.363041218578896, 11.358826020093495, 0

11.59301876196909, 9.757842859911054, 0

11.394183794799057, 10.776194052664213, 0

9.921969544856406, 10.950347577802159, 0

9.724154778912704, 10.767199844887596, 0

10.68782621369908, 10.24617831489406, 0

10.819877261776446, 9.68817015615851, 0

11.46890259900744, 11.223467615148046, 0

10.036199462300218, 9.716407401959719, 0

11.416164590625115, 9.553180396561444, 0

9.22568578743231, 9.841016986777642, 0

11.900431031536225, 8.89737747511445, 0

9.317312300000449, 9.976720595311502, 0

10.269932542074713, 9.652592829026148, 0

8.669953540091212, 9.922837955556046, 0

8.742584090079966, 8.966839878045404, 0

9.560651094748366, 10.473626774007439, 0

10.732657193100366, 9.846856216309604, 0

10.563442732431216, 9.631062947311989, 0

9.028247203377571, 10.186159486273667, 0

10.724232061169143, 9.788632706895404, 0

10.230883471391394, 12.788146462913685, 0

9.699255730719903, 10.424666724793827, 0

10.724551783052219, 8.606128485234642, 0

8.934138282827245, 11.098254444789317, 0

10.162161772207206, 8.927245114312894, 0

9.340115973723448, 11.405880936864627, 0

9.287998426071589, 9.712360979725338, 0

10.670919683907577, 10.305223774154994, 0

11.494481038209216, 10.102721589490699, 0

9.420387005973618, 10.716935938839113, 0

9.863563566327514, 10.695243609588003, 0

11.859109200573, 10.36179172590603, 0

8.22345798399273, 10.719481043922356, 0

11.028042460427395, 10.387706403766419, 0

10.281999842487522, 9.825433950891439, 0

8.710209920920777, 9.963494731805092, 0

10.738407023122832, 8.66267919863231, 0

9.276829869668722, 9.660397831607396, 0

8.877482068701156, 10.038489548613333, 0

9.652183197166954, 9.331468033820876, 0

10.321027217086874, 8.391514291024988, 0

7.289680933255097, 9.822962334954841, 0

9.391858920163484, 9.317834290586145, 0

8.71737507467721, 9.720031749859054, 0

8.68706559465506, 9.321313697007437, 0

10.684129333336308, 8.771998149650623, 0

8.068633876157463, 10.02968606093959, 0

7.56796477714418, 9.296628165353743, 0

9.990507475689478, 9.059642125320957, 0

8.877365496041906, 11.377096490544616, 0

9.535498266969004, 9.97791476234662, 0

9.262584641567996, 9.744279902826174, 0

11.495344208689843, 8.740265815043582, 0

9.145549464992763, 9.522636317571635, 0

8.523069415708115, 10.107454289056948, 0

10.62065914528045, 8.810226423630588, 0

10.535598040548773, 9.216796601103324, 0

12.283815483578673, 10.661751780289327, 0

10.629870614056758, 10.491998602956572, 0

10.666472083340103, 9.432253260454038, 0

9.891022440987882, 10.337574268620921, 0

10.296472022489855, 9.533038924290498, 0

10.133071793651277, 9.83604022217033, 0

10.602811114300266, 11.388977584489478, 0

11.681726364859534, 10.36391312148088, 0

11.101732132269483, 10.667457098788809, 0

10.564653133504207, 9.881243263935154, 0

10.514215580420647, 9.175410837705622, 0

9.360859902392011, 10.595135368615573, 0

10.272181563631325, 10.112386278832982, 0

9.862161715029618, 9.222765495020505, 0

11.191414334950986, 10.687465591170714, 0

9.220896676177707, 10.430500127792673, 0

9.649009269329023, 10.165227607384416, 0

9.754664599121675, 10.396940149504958, 0

11.45624722948209, 11.043019565707855, 0

10.98442992883478, 9.788131683116847, 0

9.868164847607595, 9.722895095852303, 0

8.151574523647021, 10.415473752427042, 0

9.005150833542872, 9.280793740741736, 0

10.872087799084705, 9.168939475824658, 0

10.418467846517654, 11.61840155084349, 0

11.008089893985153, 7.21043008444556, 0

9.889209274947987, 10.23027130937244, 0

9.06430427700322, 11.33400636738625, 0

10.678101480035801, 9.301629021580741, 0

10.935326659870912, 11.595800571696454, 0

8.880390622686658, 11.894971727870926, 0

10.14379907946421, 11.665746229181035, 0

9.031548059962777, 10.741903274846516, 0

10.956199350154904, 10.140745610357934, 0

9.873225884477517, 11.058231429909751, 0

10.113835958236749, 9.505723343772134, 0

9.687846863821616, 10.113463173699138, 0

8.84502802284377, 10.204293513205556, 0

7.852205971835851, 10.973416653768469, 0

9.12348792776336, 10.763391839653911, 0

9.80124984442601, 10.921048823556365, 0

10.446506605169533, 10.121720932653766, 0

9.961544521414394, 10.44323333270533, 0

9.800883433756864, 10.277022343375606, 0

10.254679551661166, 9.664385097008385, 0

10.406538688085817, 9.206847183570376, 0

11.145160893176332, 9.661601460427518, 0

10.998400077975472, 7.920644513596971, 0

11.454019126948012, 8.444956156588338, 0

8.03346711555248, 9.442030837425108, 0

12.089839324361012, 10.451396609934099, 0

11.045460998200605, 9.994379468260872, 0

9.406721995818693, 7.859060012274638, 0

10.289899044207248, 9.558589726579505, 0

10.820228995720177, 9.680942430207681, 0

9.569033417296723, 9.424747095112226, 0

10.804626969026174, 10.517808002722427, 0

10.133686896382597, 11.501645216017812, 0

11.290718598943807, 9.623394326218243, 0

9.943226912396105, 9.39334558575416, 0

9.184281713757285, 10.778994357462746, 0

9.622620970734115, 11.6477940540111, 0

8.666201188858931, 11.077215310512502, 0

11.298923411376581, 9.348192286181908, 0

9.091347825770598, 8.525817635788378, 0

10.818057716519506, 9.126157959552033, 0

10.425657988055226, 9.825854938365872, 0

8.81429963168934, 9.869170743702604, 0

12.972995009730273, 9.619259512708243, 0

9.200020991754013, 9.280337855135437, 0

9.670912470822737, 10.152117687987094, 0

9.05577506805139, 10.318404166869433, 0

7.740371235644612, 9.988185603549791, 0

9.817650025596606, 10.591881239468822, 0

10.569853215200993, 10.979962943361562, 0

8.815441928574824, 11.451673158407484, 0

12.419197723419114, 9.528316812642071, 0

11.129215723425162, 9.2346005976197, 0

8.031974764912462, 10.34393942256332, 0

8.75146613036741, 9.910957653115576, 0

8.246519967683524, 9.509918838989945, 0

8.901382033389588, 9.234392540509052, 0

9.767603796940348, 10.06962917260318, 0

11.059611381505398, 11.33268838282172, 0

10.187603671718307, 9.874628810176882, 0

8.83876814267117, 10.15853595468098, 0

11.093563147787957, 10.248628645756192, 0

11.205501108388841, 9.05585828269126, 0

10.905976146194904, 8.980086866885937, 0

10.241719122910988, 10.636424310405282, 0

9.365230397085531, 8.179858243979293, 0

8.898576890485458, 7.7122615570291675, 0

10.17467361155728, 9.383363515528828, 0

10.098489235202953, 10.986318771392915, 0

8.671333200576868, 11.592124584759334, 0

9.740799412636735, 9.449334329711196, 0

9.562092999188916, 9.330569077059494, 0

8.316770073003097, 8.379423844653038, 0

10.79366077360786, 9.757046238304438, 0

11.81635234903992, 8.601778948169544, 0

10.845445956621427, 10.433727211812467, 0

10.041804419851811, 9.644103820441941, 0

9.595504611761621, 8.439223755292023, 0

10.712559764438106, 8.31105499727415, 0

9.573755502319736, 8.38344720126968, 0

10.790071135410953, 8.914537345723506, 0

10.534877334207742, 9.107390833295371, 0

10.716104975452573, 10.29208139838169, 0

9.531117144303174, 11.783291603652643, 0

8.931784712470563, 9.512202291691336, 0

11.509294026806105, 9.2333289841923, 0

10.120069181187947, 8.463732569155669, 0

10.823779730157597, 9.687346868489387, 0

10.447158388217822, 11.71736881848717, 0

10.357785285401107, 11.710584409171943, 0

10.495048245044533, 10.52259022603462, 0

8.7730119285946, 11.953975647983018, 0

9.294185316154872, 9.317635697447333, 0

12.057815377736288, 10.675164896894431, 0

8.60132050515756, 9.685401440883618, 0

9.144674148004388, 10.52940560516201, 0

10.537622337649305, 9.435777931611872, 0

9.030428746351657, 11.860254514518793, 0

10.66504347553247, 10.605441551023997, 0

8.78993872695052, 10.374696644628271, 0

10.131307158915277, 10.034455035499425, 0

10.316753331896418, 10.559829021687142, 0

10.023136453584963, 9.837140959415018, 0

11.690985133736019, 10.237586325792043, 0

9.280931658785912, 10.288677837528363, 0

10.969090827312206, 9.122192049460402, 0

8.515795878034652, 11.338095761360435, 0

9.984527455291143, 10.18526376875384, 0

9.899575977988167, 9.354133665339033, 0

11.53634772270283, 10.983297369434009, 0

12.176900146039195, 9.590155171184323, 0

12.055524676628677, 10.04730514101438, 0

10.32138225330654, 11.03566944992376, 0

10.540663255623992, 9.444379211965813, 0

8.026437055239354, 10.76569639948269, 0

10.290352770138835, 9.700435815850305, 0

9.895131301359232, 8.172755145561098, 0

9.34753284619058, 11.830118773541802, 0

7.330568668038453, 11.173238933615679, 0

8.038626085579159, 10.484415613642428, 0

10.853589019806126, 11.379148223215617, 0

9.62015976523196, 11.4513206733679, 0

9.131508143075648, 9.681250797115036, 0

8.300389532885493, 10.489181145767823, 0

8.823551647744662, 9.088454574719904, 0

9.078261952179355, 10.365825436178412, 0

9.732859553658392, 11.202837142936012, 0

11.53177568217768, 9.161576561712101, 0

10.12016864149515, 9.723983061050932, 0

10.72685207433058, 9.468656101404248, 0

8.222474328232025, 10.561533787099718, 0

9.529595187455454, 11.231182957393395, 0

10.213968642753143, 7.154916967519829, 0

11.526456723971464, 8.850886968047218, 0

8.669250250138301, 9.817097876190232, 0

9.786579673570593, 9.026511773802747, 0

8.403613152372383, 8.853584805246683, 0

10.112158271395451, 8.458908422401304, 0

9.367802951890813, 8.934360528143264, 0

9.219823114487511, 11.090247388749193, 0

10.244384980977745, 9.249037674324168, 0

11.795564188482883, 10.37009615485731, 0

10.814383961402783, 10.304673412566938, 0

11.451226864489904, 11.011141674729146, 0

9.0249293838849, 9.876840512658818, 0

10.852828057651777, 9.497764217790099, 0

10.045933874481115, 9.372934149921829, 0

11.76712288816494, 12.374257933289323, 0

9.58652575207321, 9.728698324079875, 0

10.171674454810308, 9.304518533012692, 0

11.009354636451624, 8.80272187937826, 0

9.831121201310133, 8.235890849874435, 0

10.031892837011942, 8.177035671093158, 0

10.300707011433058, 8.002611071198597, 0

10.147696978166634, 8.411774458221933, 0

9.792250585681472, 9.478537815236482, 0

7.34611662861669, 11.833275769531776, 0

11.093655867790082, 9.789057821178758, 0

11.443038515616388, 11.997442050074369, 0

10.542187924327646, 10.687222169549859, 0

9.526293420710427, 11.508459263092133, 0

10.033332608339137, 10.147647161998574, 0

11.008438457866198, 9.971624522836766, 0

10.96509100694502, 9.928880469023522, 0

9.670261807415072, 9.61251998991108, 0

8.520840761811643, 9.870908277963542, 0

9.020514379830246, 9.544040889936605, 0

7.926710127738768, 10.079683123922454, 0

9.130562076489666, 10.801519084482042, 0

7.822048164334951, 11.230180799139921, 0

8.63813919957787, 10.766758583475497, 0

11.098201315786454, 10.87780399592916, 0

11.414925542127383, 10.514604836595236, 0

9.827959402798273, 11.58811079760836, 0

10.077599475369171, 11.144492307429289, 0

10.975296448029743, 8.364654604279101, 0

9.640756601452765, 11.293097922389478, 0

10.241179747012728, 8.850661822539456, 0

9.273324153256024, 11.79911157859339, 0

10.333670199366761, 9.415952224499861, 0

10.301682788754144, 10.610079908349132, 0

8.723333085902032, 10.852759662017892, 0

10.440417843537555, 8.648568760187196, 0

8.198449259330971, 9.955939757416381, 0

11.400014519796773, 9.514306420929806, 0

12.777359693831725, 10.58559497202487, 0

11.735660513488153, 10.04396925604336, 0

10.29848223145682, 9.827675696989807, 0

10.083504969223752, 11.04746303900519, 0

11.244192862993781, 7.677869210422907, 0

10.87984223158762, 9.805860188721178, 0

9.054784922515339, 10.000040997280264, 0

9.878217517140346, 11.305293226308502, 0

10.767241302728413, 9.447449467251452, 0

10.761786007299108, 10.118373844366081, 0

8.794709745858752, 10.248132880920512, 0

10.294721425228031, 10.5927985786892, 0

9.978947458132483, 11.188450185871986, 0

9.898194216503882, 10.742293158008213, 0

10.1650361169003, 10.443025555429921, 0

9.42615489870094, 10.420962790266206, 0

9.8301661836126, 10.320433550787842, 0

11.991155960473941, 9.080075584611324, 0

7.952627750767022, 9.311091980039052, 0

11.6078696283893, 12.48670787710223, 0

8.653806767989064, 11.920660071290689, 0

9.804369269984031, 8.513846219498515, 0

11.003399938927878, 8.922088993096638, 0

9.761497550175, 10.574115896125887, 0

10.242916067688917, 11.195356078199593, 0

9.206652660506109, 10.060747128344326, 0

9.517572383612903, 10.363311486032895, 0

10.226887480934197, 12.691434606773411, 0

11.178635821730289, 10.497723082273918, 0

10.106628268132956, 10.820535281584533, 0

9.911789199350459, 9.664602305088394, 0

10.489969654816372, 10.404956640679918, 0

10.997142989443248, 8.612502561281026, 0

10.062003438343698, 8.730293027389584, 0

9.632903288196726, 9.096216849199884, 0

9.26889871782579, 11.789517484892155, 0

10.539522252186607, 10.79040425225809, 0

11.01177278049739, 11.068574631671048, 0

10.976048530004144, 8.436944251129379, 0

9.132217617883656, 9.593618699266884, 0

10.909534615770266, 9.640596425264874, 0

9.49508863346011, 10.20267439896223, 0

10.809728418838848, 10.019195924285151, 0

10.181050209697265, 12.16241882632185, 0

10.611255426283565, 9.381573643514674, 0

11.455091902001929, 9.305136457563597, 0

9.866404322498349, 9.687812660360136, 0

9.305621689047268, 9.323717440551352, 0

10.67951155672066, 9.680772151684428, 0

9.915955451241704, 9.73358018829162, 0

10.280936588914228, 8.67564238301732, 0

8.650787539177557, 10.52591866382547, 0

10.48475908996165, 9.732693714582052, 0

10.227258619555084, 9.612703277471976, 0

11.565536127510137, 11.018291284157222, 0

8.35937884907972, 10.39865653014753, 0

10.167093733221762, 10.704780001131288, 0

10.518074768815673, 11.580512107560311, 0

8.803778122945117, 8.551068557564887, 0

10.685872163942806, 10.832910090147577, 0

11.008137112370456, 10.965080795588358, 0

11.140635176572564, 11.586736721545888, 0

11.263587880578271, 10.960164679999837, 0

10.994577338549718, 11.060461660058762, 0

10.57528056566292, 10.146428069978962, 0

8.746129177816748, 12.587856305244722, 0

7.539759911152192, 10.855643541560422, 0

9.754430476006617, 9.584759819980414, 0

10.904388693876744, 9.19396463879371, 0

10.075626072193607, 8.594165935197335, 0

8.844609611028464, 9.689150972237663, 0

11.0190428907818, 9.457197812547989, 0

9.921595416146404, 8.490400979757997, 0

8.078160447212479, 10.625019212369637, 0

13.162492016973873, 10.898256779208307, 0

10.611710053328437, 8.41387679310631, 0

9.395838756414657, 6.994896552247953, 0

10.304857843219645, 10.883349503386004, 0

10.388894873175635, 8.35785171596685, 0

8.74695317320613, 9.861576466682978, 0

11.55340047331104, 10.969964190522443, 0

9.736279966056548, 11.175372492715, 0

9.630663506663538, 8.766768993453642, 0

9.958132734313072, 9.432360069409622, 0

11.209090668534344, 8.595118740590255, 0

9.522804525590429, 10.630540167483192, 0

8.500045663182448, 10.242805759142183, 0

9.043225919888265, 11.107043536350853, 0

10.766375505781799, 9.592249449833703, 0

9.573590063963481, 11.259026440728553, 0

9.938821791991991, 10.019729286687516, 0

8.806726130369688, 11.730359139204394, 0

8.563860230141225, 10.425105676136509, 0

8.91536603650431, 9.327332820609119, 0

10.183228464679589, 8.951691912645229, 0

8.778327718084354, 7.881060199257455, 0

11.456612656000907, 10.370061175151072, 0

9.372973557831923, 11.328695136633774, 0

10.67916318307968, 9.9460792702508, 0

11.215044101689848, 9.37215010761715, 0

13.671672286795198, 10.614001789930658, 0

12.885509911130397, 19.70665906370184, 0

12.749980685551677, 3.944576723350939, 0

8.105165968896863, 16.74940660948195, 0

14.171811507432004, 3.2134532115759007, 0

0.6787878177280104, 18.44092915102786, 0

12.576013584672749, 16.479224982799312, 0

7.010236896724933, 12.497418844534172, 0

19.541753224515006, 0.7330945937390765, 0

16.99075844107555, 14.57005937526098, 0

3.537866402609755, 15.632956862991483, 0

9.340833769824934, 9.551880938374753, 0

8.906654991030255, 9.716309916729264, 0

11.81080029884949, 12.460364217218805, 0

14.568983338684127, 5.286950878209455, 0

1.801684381417883, 5.726124029085753, 0

7.919210160561674, 17.71901284688542, 0

19.978907944720422, 7.846380299396484, 0

2.8771820661475678, 15.476371408758883, 0

11.036267435719138, 1.7148973702649473, 0

18.75941828040375, 11.54954769816495, 0

17.579748044317224, 3.8063510903078535, 0

4.9208227137499705, 16.574796331563338, 0

17.412543479582933, 18.93549066824539, 0

7.092111075891094, 16.624394617178687, 0

19.019037489479263, 15.468958554875524, 0

13.050812877836936, 3.8485182652575145, 0

13.285520046524699, 7.059546148771134, 0

2.4161873089547092, 18.82994642122855, 0

10.17628688964297, 5.625991238389798, 0

6.653118230401298, 3.854380452473547, 0

14.432624602265518, 17.27000801380656, 0

19.002701143341348, 1.4439220827384358, 0

12.21451447602557, 10.208521060301582, 0

18.273930811076223, 10.856771180595432, 0

11.979773472735516, 6.977897640999721, 0

6.948585780867926, 4.693325246341962, 0

2.820658541658212, 3.804048814091099, 0

5.72761033299134, 13.069643304190464, 0

19.44198126915702, 6.638007230192267, 0

10.567557296185539, 12.736000808570472, 0

0.8853996470067882, 10.082050933561035, 0

5.565180140452675, 17.39592388803045, 0

10.670262053283267, 9.229004406286931, 0

5.978148183809983, 14.040714429771914, 0

3.464065732134496, 7.277712934639551, 0

3.0468640077139186, 4.339828515938617, 0

2.7462236635810977, 1.4773858190931333, 0

8.638306261582054, 18.9019135695406, 0

19.907374927959477, 10.913049514795876, 0

0.428310795315503, 14.144328799226418, 0

8.968089933301682, 18.77458876072707, 0

6.627382168924559, 2.331364132300784, 0

12.689387012243326, 8.357828914568458, 0

14.710851614925692, 8.776981410469048, 0

4.2170570729515795, 15.66683917974646, 0

1.9367073747266916, 2.9863420168148402, 0

12.215493427339288, 15.978043748038246, 0

13.585153007676524, 5.225998999957808, 0

0.04126023969508008, 14.851387281021495, 0

6.489596531849466, 19.967988930205433, 0

11.933361348329738, 9.200243367364818, 0

17.760954964733045, 5.010273676915804, 0

14.62380105483808, 3.090196976003292, 0

2.772408132716413, 12.491444096013996, 0

19.346446497696682, 8.948048054101776, 0

16.410625514499706, 2.9104032602183016, 0

1.8668122077145766, 2.9101160507256885, 0

2.4805991577581477, 6.956496475072534, 0

12.475644131874326, 4.4758479415777614, 0

18.451486921783584, 11.867232800354206, 0

6.310586167285514, 15.725738283089845, 0

17.79673320772219, 7.144684921676781, 0

12.174202475085227, 18.494644143959974, 0

0.3708890773683393, 17.368288556683623, 0

5.385263642767217, 0.5385916995205609, 0

3.5798637283874424, 13.333999774684697, 0

8.978096078884704, 13.018240771795178, 0

7.43262140372533, 4.5900356493993, 0

14.128975074391, 3.1163064930188655, 0

0.14061882669564874, 14.0537727883307, 0

17.198588092909908, 17.90748199369141, 0

19.844337058586596, 7.689802004612281, 0

6.204651597488741, 1.052592574957314, 0

0.7269640045802905, 15.266294865553437, 0

10.075062543118465, 13.074642549478959, 0

19.240192000833794, 14.878341915449674, 0

2.9131293688812243, 3.856406998098778, 0

18.05712076508138, 8.203643224859999, 0

7.407158490435666, 1.4590388257516351, 0

18.668515153091025, 11.648710124316416, 0

9.980036178397373, 18.19032537594183, 0

11.216370696095195, 10.015639183294574, 0

0.5288478459350188, 14.649782616515951, 0

12.623222513888441, 6.420645541548746, 0

6.285069649035209, 10.845087863064261, 0

1.8489105552674512, 10.069199686543202, 0

14.56412701479236, 14.053770739233775, 0

13.342024388043491, 0.08025831291766483, 0

18.153685364476168, 14.45076620687302, 0

18.192456578925125, 9.047485498897236, 0

8.686108348661598, 8.378945527681022, 0

13.397730504883896, 16.46160786440172, 0

19.302011601918107, 11.175130457801206, 0

16.431044476794185, 6.980509549400904, 0

16.043205463792347, 9.04099579507231, 0

8.697236688961876, 2.13236428635156, 0

17.74456936490408, 3.6101000940391526, 0

0.880042380584567, 19.174475215531636, 0

18.247208601418247, 12.47860016398866, 0

7.870797299465115, 15.856221082900248, 0

2.2027774941391853, 0.8387271598642121, 0

3.2321094488717828, 1.4345048250056114, 0

15.079553278687905, 1.8327917000942917, 0

1.0047429213211756, 16.959192251140983, 0

10.243903079680923, 12.290447193340988, 0

14.972405931382742, 2.3713289299952645, 0

6.323124123893633, 0.14648360684403006, 0

2.9963283593741807, 12.6263678449797, 0

12.848680258830719, 18.19801014097276, 0

6.238334928988964, 9.823617047094906, 0

13.323552264657419, 2.0637686840009484, 0

4.52075546028756, 5.328200332182806, 0

14.041923403921457, 16.29890326959699, 0

17.73257579851172, 5.8761402056850365, 0

7.33509758406422, 11.615838612663023, 0

5.158266619728009, 8.550326895843877, 0

9.22835249325508, 14.791893733122778, 0

14.683411052117048, 7.372316233853276, 0

14.652667428051078, 8.492020632460026, 0

6.698377166561711, 3.4307518030715745, 0

14.151126235218896, 9.091027092111103, 0

1.6777893089747131, 2.673523886416922, 0

11.362044768924449, 8.82377154420958, 0

1.4270067397555164, 6.524753579035951, 0

6.0175565968588725, 15.896931504180397, 0

6.663335022439356, 17.498983497418802, 0

17.2789892174353, 10.666493001300164, 0

4.937450797201166, 18.07201821387215, 0

3.715636398671067, 12.811731540887589, 0

8.482841062275888, 10.58281418931192, 0

10.295884810877084, 14.785560454920109, 0

9.988635487133513, 11.706211220468754, 0

6.92254195366562, 0.8383935197930525, 0

9.852873200550453, 2.08029744113021, 0

8.236422137186928, 19.14192914782823, 0

13.180584371071609, 1.5986460494096244, 0

14.984207775466576, 15.004162513116972, 0

8.584919039124014, 19.43538236405478, 0

4.535850813953541, 6.790511511204675, 0

4.572501364520061, 3.7436692803876026, 0

9.228076672092104, 8.841225764412473, 0

19.86589528972611, 6.956374660934033, 0

13.134343656116767, 14.055405389188895, 0

7.210547500751632, 2.382849896393906, 0

15.741515553663918, 2.38174125754677, 0

13.852097872920712, 17.08708344681014, 0

3.9359715284710672, 15.475049984745644, 0

6.044226226427352, 4.686615523745381, 0

2.734967560714363, 4.50333184687429, 0

14.549091683065553, 5.237413055183932, 0

9.269358085576664, 6.1189333873651, 0

8.71644453350809, 11.002963948666588, 0

16.44037766913004, 4.347470918661573, 0

15.570363259508513, 3.101491253893538, 0

19.88230267335917, 6.106871285599409, 0

5.16333641171096, 8.980859476043307, 0

5.734594766260193, 10.50146150168584, 0

13.120202669600221, 2.354212038498955, 0

14.041076546159845, 5.480459149952946, 0

3.6520203586835587, 6.730869018502048, 0

16.148235078611485, 17.758612724095517, 0

4.337039666222324, 16.763765555288614, 0

8.425973503045237, 5.5978634504996965, 0

3.3384730944033336, 1.2872428287050885, 0

17.843373149744387, 8.223340264480175, 0

5.769264321069734, 16.686170711903003, 0

11.204874070523637, 0.37074431713780553, 0

6.426536192934369, 8.235724219037639, 0

18.637913947976724, 10.233632174371014, 0

9.349440738742075, 0.3903938124391537, 0

18.619032541766632, 16.650173969774098, 0

18.635677226409612, 9.138952256289791, 0

3.636162039463413, 4.28554834009129, 0

11.872573811027172, 1.9390523806637416, 0

15.919188148337804, 12.480307348264608, 0

7.169453578786314, 5.962946386580354, 0

19.214592373319952, 19.287394585160133, 0

11.627223576462217, 9.042617870222191, 0

6.213130815308359, 5.681845614938292, 0

1.1137125036008455, 6.5269600724576415, 0

18.757760105688327, 9.797451574641352, 0

17.637564815247632, 19.802481706748875, 0

10.026274760970127, 12.594860856439205, 0

19.760561015103516, 4.4168041678407155, 0

13.623980931136622, 5.908267883370377, 0

6.421553909451035, 0.8985853811206979, 0

17.481744436583487, 18.042673258643468, 0

13.146342203498731, 9.084796302417583, 0

10.594556726456606, 1.1361768951452245, 0

13.146517591236274, 10.211943615884437, 1

13.013228527725174, 2.1542695349072405, 1

11.406229360881149, 6.4246900546414505, 1

11.597766723365426, 11.76166868613578, 1

0.15668523111916022, 14.718095486272452, 1

8.343335442794634, 10.179781950666221, 1

2.6688090683325494, 17.46201687531284, 1

5.318525786733614, 4.298945360269655, 1

18.900344874677167, 19.284870370869875, 1

10.906321718190728, 16.31914888767743, 1

5.121764495064724, 19.68867258752801, 1

5.929918857800303, 16.3573543141826, 1

8.229318946377468, 11.680293288897607, 1

8.102170015324628, 0.16935427521002522, 1

1.2542122134124556, 14.452595035535037, 1

17.189518318130524, 14.542596326485997, 1

16.62720049690921, 13.82069883401198, 1

10.676310226441618, 3.959834708998007, 1

14.556693047744556, 19.550086870376184, 1

11.1204228035731, 6.11272989742341, 1

16.55224425980023, 19.240594119184877, 1

11.074385081363548, 5.2960475791942745, 1

14.917336080058039, 16.383108552362703, 1

17.07778597895429, 18.98724747703691, 1

8.332287274529929, 14.763691915516636, 1

12.165533094421155, 8.812976686922077, 1

19.709133528729893, 6.9611263638325145, 1

6.711771218431357, 13.903692414769042, 1

3.6140840067703306, 6.153613177951193, 1

15.0220134815984, 13.86575615957378, 1

14.28695032911187, 16.30288247891283, 1

1.1850026302896643, 12.311580072155031, 1

0.8612345543975719, 13.25274828203222, 1

11.38673833907886, 9.991900401914647, 1

12.475701080664445, 15.262553551632507, 1

10.154542326409338, 5.543974775349312, 1

5.932315796806773, 15.402365355068914, 1

18.616026349802496, 15.43201092674439, 1

1.854906278576387, 10.667771049381955, 1

7.3594956356022205, 10.36941182189048, 1

12.110179158272809, 12.109861254363407, 1

5.7636005306070075, 18.75225628301788, 1

11.95022073023187, 14.160870458636891, 1

9.271065690660985, 13.867404323305234, 1

2.837601838096153, 3.4179194880477293, 1

18.36531195376324, 7.879087141983179, 1

10.963199615189508, 7.000911671205197, 1

1.6517352877816682, 9.947425962002969, 1

3.430262857390687, 10.848727423620925, 1

3.704766386238618, 19.61718776675712, 1

2.210095947068178, 7.808996728151385, 1

11.02077150951551, 12.647107251892113, 1

14.925920046001321, 4.278275174210044, 1

14.208890549492605, 3.22353383644862, 1

13.468959365411513, 9.083590992262634, 1

12.087121821054044, 11.013970856901452, 1

8.934282742565316, 9.969453486355391, 1

9.071930843535176, 10.697863717256142, 1

17.57824126172183, 14.84332987285817, 1

19.85901131369794, 9.880964405571637, 1

14.326683943320388, 18.86100153724987, 1

12.003371532101903, 0.6189576281494413, 1

13.835099942620445, 13.079967970670502, 1

7.093607906441504, 11.108589936330151, 1

14.98952282022556, 19.29371511674711, 1

14.828940260022263, 18.837823649415867, 1

12.768098082810177, 11.703331082040151, 1

14.049824599737054, 4.3318282280441505, 1

0.9007053615713922, 19.860898513805715, 1

19.852372012342453, 11.539915788232635, 1

7.95961815994672, 17.09057504213287, 1

5.52192380875873, 11.367597357606794, 1

17.6782203987347, 6.763051665716366, 1

18.027400651894848, 16.42054198680952, 1

19.723104683328526, 1.1992853404685078, 1

9.735216431501312, 7.186501140167641, 1

10.26572168438393, 12.63416344895262, 1

19.819307451894307, 17.575893573051978, 1

5.943138550949676, 16.91560464734453, 1

15.371746511078367, 11.762803674474672, 1

9.52359581235102, 0.6808462308437391, 1

7.0327198177828665, 13.930781468824895, 1

19.450544672501834, 15.790960347881676, 1

0.510039261621591, 17.420778452026358, 1

18.176086451054292, 4.88142840320791, 1

9.344533303772877, 17.524712354517717, 1

3.669842343437635, 17.74661865673042, 1

10.327966891788058, 16.719535944487685, 1

0.9784339247588814, 15.185568608874817, 1

10.394370413658384, 18.403548725080185, 1

13.581505620603094, 11.186321146335112, 1

10.187366561990261, 8.73412111915954, 1

9.036300990442703, 1.5572104569457057, 1

9.917254270807344, 11.268133515296645, 1

16.619493589501644, 1.0033019003155563, 1

13.417821180964747, 8.886812715305929, 1

19.708142586388306, 6.1864408289702055, 1

19.03820615171015, 11.832340536272739, 1

12.143824971828789, 15.29170758940883, 1

5.151760352399566, 5.121434590067668, 1

11.800980023664378, 6.379362496150525, 1

0.2114704432183223, 4.610863519470032, 1

12.148299133989855, 13.498447208063952, 1

9.75673411252058, 1.5192509600356385, 1

17.28785749386302, 13.242077149667148, 1

12.980708374524157, 15.242460880863884, 1

12.216016766516907, 8.337577702556207, 1

12.067387106067788, 14.011274948627662, 1

10.439119068936604, 13.233584179628862, 1

12.894554968676706, 6.683667502444271, 1

1.9004441788840243, 8.76580931152867, 1

2.5440713900362155, 9.783970292046437, 1

19.403713966723416, 11.469114117974808, 1

6.236467577386964, 5.307378869545767, 1

11.692207699330856, 8.318821031309898, 1

6.790121088263675, 4.150547429541936, 1

13.789286195114842, 17.34553524015698, 1

18.73074656414265, 0.22253921643034413, 1

17.354545126125814, 14.687763928893194, 1

0.38299649386362766, 14.398436645513256, 1

19.077783795325846, 11.066989310127362, 1

17.30748085060744, 7.025719459545849, 1

13.33387262590364, 13.164062876892471, 1

9.623420649746564, 13.214587471883553, 1

12.449194357343012, 14.374366624761896, 1

1.1823085033567637, 4.9322304747478345, 1

2.156256657721478, 18.817110370813232, 1

9.083174028799544, 13.615965849169907, 1

11.567969508106996, 6.152192657154895, 1

13.987256505881774, 11.455677058727181, 1

0.0712241225064969, 5.164160312895993, 1

18.116826575743808, 13.09302210907096, 1

13.748569680047417, 3.360929429039823, 1

15.948832660752476, 14.937092379373695, 1

7.164652030302876, 19.95163431129863, 1

9.562060245961778, 17.431469685952337, 1

19.207992825357508, 5.368852785986544, 1

9.42961787688362, 10.421029615787326, 1

9.446474780941852, 0.9084324150239409, 1

3.0800406253864887, 16.813123924915157, 1

15.75369604134508, 2.185626932734388, 1

17.461576158339966, 0.028338664276057468, 1

19.627316133334144, 13.004314049651036, 1

12.441897653228065, 18.871228479988936, 1

8.709022489739908, 11.814356909199965, 1

19.60597108643838, 18.979093281079845, 1

7.896648943795825, 0.24810399329686872, 1

1.3347505556048977, 13.522316295036148, 1

14.014001305424111, 18.96608229094251, 1

9.30095899128824, 6.326370514872835, 1

7.685529562233178, 0.6300683483261138, 1

2.832326561693337, 14.158466139879538, 1

6.138034877734729, 9.086092784863954, 1

10.39718747844837, 13.83309419935594, 1

4.779230276639613, 6.347257075716842, 1

10.093386028076463, 3.6981571459727203, 1

2.0622490117840853, 10.908225941258316, 1

15.216307484150992, 1.4401838044154869, 1

17.385940880401503, 1.7168155546973374, 1

12.122001244353173, 11.19473113636526, 1

0.9082491748709032, 6.803485179018269, 1

7.943362944490566, 17.36587304319551, 1

17.887365861541472, 5.549748287039402, 1

11.35502911580346, 7.327868571976128, 1

11.431114797160921, 7.099859486569198, 1

6.523016718784824, 1.2804415459120366, 1

11.926874794016891, 11.397916779569247, 1

7.471988676382515, 19.150088724138467, 1

4.425795273624631, 12.817290745940333, 1

17.225777427045745, 7.183145733719909, 1

3.140061501482554, 15.251255585657184, 1

8.6609648742301, 17.914026069614643, 1

4.434260248910387, 2.468108566585232, 1

0.6457354013463168, 15.448876364407775, 1

8.738220424808315, 18.800642644205897, 1

3.112142861627978, 14.431377600142614, 1

0.20839800265689767, 13.13985339457183, 1

3.272624542211209, 18.022230988319755, 1

10.286800419008859, 19.571141844242394, 1

7.184374867106282, 6.680266641403955, 1

9.517909951937318, 1.5090476203642034, 1

5.382709594841584, 15.11939598192977, 1

11.149450940249828, 18.949096719789367, 1

5.190828864842716, 1.4037572360621908, 1

19.61314972951959, 5.295777485548847, 1

18.418996412084624, 7.890724288096298, 1

4.048457931915133, 0.7569196157111646, 1

6.859210743049628, 8.923447581433486, 1

13.634209135292977, 7.015854121131484, 1

14.757404043277134, 15.150887367129403, 1

7.725031343492066, 2.8442247225177653, 1

13.456348921425349, 6.931941427990386, 1

16.247422646642434, 6.829232248169703, 1

18.676853827372934, 16.118979196541126, 1

13.603659401443664, 19.28357294727116, 1

19.50552514154233, 15.864414403793512, 1

10.808690407778862, 19.430620137083267, 1

0.08436577311762727, 10.995553006683314, 1

15.10330410524822, 8.151805379310295, 1

15.38287126379753, 16.016475491981243, 1

19.981888386087533, 6.1074670575135865, 1

7.479491896580095, 4.527774006452498, 1

13.870879649777873, 6.24100176948706, 1

19.81724196286396, 13.18100281293306, 1

0.2692115077562085, 18.727206891344753, 1

14.520582050696367, 11.698499421477077, 1

19.319617592567532, 16.997478410470475, 1

5.929052061595737, 12.554090508152932, 1

11.03028046064291, 9.875948953453932, 1

17.761599589783142, 8.219248714116008, 1

15.232768611246442, 15.196917318064106, 1

4.3579441889314445, 14.040648511857787, 1

3.937012665230464, 8.394755460338153, 1

1.441320231732528, 7.240054662788021, 1

17.686775073100907, 15.198649667675275, 1

12.734204398260829, 11.998920864809275, 1

7.006449631685319, 8.350986423024873, 1

1.8459992681537019, 17.026447535647588, 1

2.9726684869364672, 8.78718414699721, 1

9.330433443795513, 12.914741453675514, 1

14.405600251770839, 4.000025051251832, 1

12.983723699374899, 3.436908891238055, 1

12.18757457941269, 5.995712575960564, 1

12.696520576808709, 4.077253241850151, 1

19.894585328984444, 2.141587850287432, 1

8.289400074707737, 12.382752880474676, 1

6.239469803660922, 1.4964072984448773, 1

12.59767805693729, 12.003905592400354, 1

8.172717553583304, 14.392340833278727, 1

3.602362372442305, 6.145499673613173, 1

6.320473651043834, 19.222576624466225, 1

13.715842157884328, 9.283755810808527, 1

10.84689187619344, 15.385980862780642, 1

11.925024604791298, 19.775287874807287, 1

8.857239365213323, 11.18889538641257, 1

9.333949946896944, 8.907630145929188, 1

4.789430523635227, 16.802385365683147, 1

15.446155155813754, 13.7939115294324, 1

5.521463991291489, 14.694603929360508, 1

19.017811838582382, 18.616196797761365, 1

15.832694270686996, 11.823570632272508, 1

11.030807090727562, 3.0465047193333805, 1

1.6302258046078855, 17.471506408094314, 1

4.218147219934889, 8.139885773947563, 1

13.820545992329041, 3.268520594116635, 1

18.69700462043852, 3.687343757984687, 1

7.021729972197268, 11.285605247459058, 1

6.960059610855556, 10.051962298575186, 1

13.672089472908748, 2.130621899498708, 1

16.30905801167979, 4.74600191598207, 1

13.44293008150821, 11.983126825585838, 1

16.23303344363481, 4.470756609892385, 1

8.814362540123867, 10.209252513605085, 1

11.11090931335399, 6.080849874569932, 1

17.302862094895605, 15.0875609493788, 1

8.478185691981297, 9.544539626803928, 1

18.392144528580612, 6.338107660301155, 1

17.64622446311843, 1.6595282310490145, 1

6.59878374903456, 19.454606164796704, 1

11.207439767269173, 16.534139134950102, 1

18.777889056169016, 14.70522801816373, 1

2.944212985716368, 12.355118748745777, 1

0.7748346673844475, 7.789554309004904, 1

5.088923887137349, 8.641612574418179, 1

18.802343619703525, 2.0235622391734154, 1

1.3424646581544253, 9.366877617554346, 1

1.2076841649479575, 15.998218311876329, 1

11.67526856812537, 6.217943922198748, 1

13.952463912433512, 19.301322856221642, 1

10.540700488598658, 11.944750485886235, 1

6.54486759740776, 7.771308542290372, 1

13.825954791699102, 0.9532729822707475, 1

16.184515292680302, 11.396858029493542, 1

1.2682103658055133, 19.83017971372092, 1

19.914906444492182, 5.402724854215868, 1

10.51239264938054, 9.599937758036216, 1

7.6527003719613385, 11.97797151714222, 1

6.39618310511298, 17.13040939524199, 1

11.971172430309805, 15.419456408496501, 1

7.076904145366281, 3.3777106806203583, 1

14.082488197989127, 8.4060858929936, 1

5.260756462678304, 17.080071889249478, 1

13.060100426195868, 15.355386677795082, 1

7.336391544121037, 3.2922945386245295, 1

3.3536760347162, 1.659163817933731, 1

2.658102777776936, 11.903425571167308, 1

18.97463066023908, 11.722649596120506, 1

3.2901213362921, 8.29997059808167, 1

13.77142872518138, 1.4350977353155292, 1

19.40424526691426, 7.767705944559076, 1

13.863842357683868, 0.2286064829110246, 1

5.67916119582101, 5.289664168609917, 1

14.167923074938365, 1.212821676321123, 1

8.247570364226114, 9.630466728996215, 1

11.920887537292671, 0.8596794483375381, 1

4.30426709288329, 19.686363952695142, 1

16.664839335431903, 10.272630287758176, 1

3.35411234674428, 16.162927453838208, 1

18.580871328341647, 12.999676060854995, 1

5.507577051481767, 12.693816024839135, 1

10.624415859596857, 15.874906258953823, 1

6.626294329267422, 15.142834311244545, 1

8.933398763793122, 0.07251842668540176, 1

17.190449441282986, 13.663003027931595, 1

1.4442657062743902, 8.819789841815737, 1

11.019754661824042, 3.1239098920013064, 1

15.124367595355286, 16.04601161314663, 1

9.98802326952255, 10.655409695236056, 1

18.459980073861818, 6.635833017626114, 1

0.10533768695871082, 15.715352058016665, 1

15.765544662514719, 18.796421230364867, 1

7.223587688365651, 16.01544161954712, 1

4.507324666974291, 5.173437084132919, 1

3.702463865370831, 10.307777984936727, 1

5.219919942717571, 11.791946712425984, 1

19.272112231661723, 15.97649451921966, 1

18.920252334192455, 0.5960463778139791, 1

6.829755174045779, 13.171778246622734, 1

8.326813792385417, 0.6098335595064497, 1

10.22502491053549, 15.28067426650944, 1

13.372018137902138, 14.864678240477074, 1

16.90874117426113, 0.9855708123329721, 1

9.46842229622382, 17.386362568672723, 1

13.550811076836652, 6.535847048466506, 1

6.749594677990722, 6.068510312458986, 1

12.230106510099057, 13.464992021061947, 1

13.794189063050542, 13.353033967721274, 1

10.294375205653497, 3.6968868733868354, 1

12.675416703848562, 1.6106002048139012, 1

19.797656658281614, 7.592365409083131, 1

5.721354843775774, 6.586823949134262, 1

14.638019647645999, 9.289936150830124, 1

1.7426741729741457, 13.346556376174217, 1

18.13180740741683, 13.708133451969974, 1

0.7540135853920882, 10.42705255007781, 1

12.227752451732567, 4.203208330491137, 1

0.5237535949965344, 3.1897209811318517, 1

11.919610452249438, 14.144800775709058, 1

13.756753179732367, 18.642306073481542, 1

8.281271252759199, 6.105987814851456, 1

13.230161599344113, 14.822932584898039, 1

11.099741490904071, 6.403830686488656, 1

4.028158594780773, 18.612985423926332, 1

1.976774834718622, 1.9411272486751185, 1

1.0887174680597678, 1.081765280133682, 1

8.887587254269018, 16.254130950528378, 1

3.685207857944306, 13.5195084528298, 1

19.61636671181663, 18.04581339567584, 1

15.186726168292319, 17.37820991103218, 1

16.969234524461815, 8.127301863637426, 1

4.373209491193634, 2.314950172869208, 1

9.403620053958921, 16.218784445088378, 1

15.137904049061476, 15.847406258453717, 1

2.3687723907553293, 6.183442710946898, 1

8.170029892100498, 4.563173312327233, 1

16.07208671153062, 13.701106166686547, 1

19.024359141376383, 2.521231906443817, 1

8.81366298416123, 6.0446374008448185, 1

16.932782566773994, 6.902839272146872, 1

9.120639493577249, 1.0235671302586358, 1

15.027437878251526, 10.243576166990959, 1

18.114618885736174, 14.377342041716412, 1

8.821174339789401, 10.004861230734186, 1

17.62308006494816, 3.6140953210310656, 1

12.420228518648848, 14.300395309069991, 1

11.12696073245309, 7.291019270436545, 1

15.250240211652674, 0.3939373677575131, 1

13.791933257176375, 3.324836955661432, 1

7.7151988774135365, 0.16851232292458107, 1

6.938244884169967, 13.809040617634224, 1

2.324459581853384, 7.39847189208354, 1

14.191505065496088, 15.451165824872593, 1

11.605599463980223, 6.150529396679197, 1

14.742139394132801, 0.1370765616073033, 1

12.519413027067884, 7.098785902851786, 1

10.43516472980041, 12.397589389154087, 1

19.813180615160856, 8.362121194180133, 1

17.70343748786081, 10.357182937203184, 1

10.649152606895935, 12.08009105347074, 1

11.326487205513523, 13.801079010056359, 1

5.549777945478747, 5.599253081812805, 1

11.780131873187026, 19.958343483875602, 1

7.950557926330653, 10.855358353844215, 1

16.403231252055257, 9.895173596941538, 1

18.606383952865894, 3.8914579727823506, 1

1.7288262590224335, 6.670683038689802, 1

17.148228829104287, 11.978865543094573, 1

9.229535769644475, 13.46071161086318, 1

11.186359673842132, 15.961684807457399, 1

6.81135728901797, 2.7215119504010055, 1

17.667762004900375, 14.137953137164631, 1

15.301327096832535, 5.136562915434251, 1

9.188818685034974, 10.28421422514252, 1

7.452486502201183, 0.912907785819661, 1

5.061467505729594, 0.6764216243937082, 1

3.337645343438105, 9.038888219186765, 1

9.185396429892078, 4.794608583964866, 1

0.6711007189292184, 16.25371571361732, 1

3.9674193007710756, 13.211453875678146, 1

13.690888645508434, 13.453545774497863, 1

2.339748029814781, 14.7528007604185, 1

14.760007027433659, 19.022295424100367, 1

13.147115565214698, 11.487948059281168, 1

10.823579903258452, 15.590456375297425, 1

3.792394770177372, 4.465042519855798, 1

16.174268419111502, 19.187108216138267, 1

19.991137728315973, 10.693562440863111, 1

15.777111414121281, 3.594385599590042, 1

4.425125394609271, 4.735021478067312, 1

7.400710836951994, 16.749314131346786, 1

9.46567414054872, 17.191977071322682, 1

6.5383025398124435, 0.7676634593914655, 1

12.272551542356148, 13.50051434362513, 1

4.801797605410787, 18.411603743170733, 1

8.072813251440806, 18.388153462972156, 1

5.515894703358324, 13.606325413714975, 1

2.8504307814519536, 14.79108234607504, 1

0.5152422955556957, 11.786697408134287, 1

1.6662015056552537, 8.273157904933825, 1

2.7834729719621776, 18.64699990486358, 1

3.7275921985921534, 19.552396440813013, 1

14.15648099794819, 7.623989256874122, 1

14.843316544499597, 16.981756371792297, 1

5.827098104829734, 14.358007005040228, 1

3.8446829074207045, 5.617491206770991, 1

0.9568358294593149, 18.76410915495866, 1

13.966956147384654, 1.619046266451234, 1

13.230172968655067, 16.459496182105987, 1

14.094754490926286, 16.794177601989922, 1

13.338407792719662, 4.685830821681975, 1

9.466094706704926, 3.5336072154138853, 1

14.990442724677994, 10.65856513431781, 1

17.01842561300769, 7.950964628191899, 1

8.72342769222443, 3.5817777272416906, 1

17.408540174539397, 0.9072032367646976, 1

19.79595073240149, 13.24859477746539, 1

14.287451710630696, 10.679860263507496, 1

15.271038717923183, 19.09273152616202, 1

12.467979295749586, 15.453226941668959, 1

14.443587604910096, 15.752312946697067, 1

19.03977762937571, 14.061995124417857, 1

14.82350441698048, 13.775870816360296, 1

8.09257065365506, 3.001658939400773, 1

8.262447988391992, 0.39709397279279246, 1

14.214941223876444, 6.586498367460725, 1

15.31213089621039, 9.755630439989766, 1

18.188204319767607, 12.142919833899038, 1

6.680048932167311, 11.564203256961989, 1

9.788439627377272, 6.003859538845244, 1

15.64271562876602, 1.2715673245381165, 1

9.814444425216317, 17.171250983519727, 1

3.9259491525539447, 0.22351785317369366, 1

9.77054585212926, 1.424961707519805, 1

6.352752191692228, 8.234026612450208, 1

7.315385877114355, 3.2611810340714853, 1

14.66671677084636, 3.2132721742404136, 1

16.962825853883785, 13.238270608407776, 1

18.37895213973551, 14.832631589740542, 1

10.287220821404507, 2.6003142252559286, 1

8.98110296610841, 12.709434959428268, 1

1.023719146137687, 3.0349260818836443, 1

19.05151768331097, 9.74840342337002, 1

16.40901377329817, 12.54667343242934, 1

16.081306836455937, 9.688462461796494, 1

6.84575239378627, 11.62165349025274, 1

17.442777191712008, 2.334487359458479, 1

2.8056367885683953, 10.003595702848227, 1

15.198393038278175, 17.23360177226576, 1

11.223884016279111, 12.095992690850865, 1

13.58217415096279, 18.553319621750894, 1

3.790639548321668, 3.0232421102814144, 1

2.1641332648162415, 3.426019255576487, 1

13.267564190974262, 15.042448518000565, 1

6.176870279471432, 13.200148603803896, 1

1.2442784337630974, 7.556308189633203, 1

8.320965467165687, 15.96338946294724, 1

3.3488353572515184, 13.227522875808875, 1

8.952965991057194, 12.187313329909468, 1

10.599127416253742, 19.136667035962375, 1

9.672454726226235, 0.5103370472149793, 1

12.38321285701375, 19.329979428823396, 1

15.831986916991042, 15.232951639056736, 1

14.47159111355984, 10.17961229360715, 1

12.506501509216017, 2.448582492986102, 1

6.674071052894779, 8.812449518248926, 1

9.103981320029032, 9.658598527650412, 1

8.912175127561316, 8.67211801241522, 1

9.963105588952626, 10.406102379310287, 1

7.051455390251284, 11.978852006443777, 1

12.8277429534293, 16.838275192730347, 1

14.947125392715726, 18.12621640284721, 1

15.183048433440105, 18.329387559092236, 1

5.446406628515121, 10.950363095661187, 1

15.528549047148172, 6.332742796241866, 1

4.521680320836903, 16.85034073918448, 1

19.470303441641967, 1.5406015112542826, 1

11.396959055884588, 2.9145647921536266, 1

4.49160478076156, 13.524341595049844, 1

5.05891919518324, 6.829559458565733, 1

8.092873618736352, 6.255680412600628, 1

6.459140181754847, 0.7522595175238034, 1

8.626142798434461, 2.6313958571367824, 1

15.315476553422709, 9.747945184999185, 1

19.108229529269146, 15.091794696306039, 1

2.9542619478166765, 1.1989038749629, 1

10.775120572982997, 18.725770218516903, 1

11.843747288432757, 10.322600303979739, 1

4.295066900675579, 15.304545412954232, 1

12.785831687560112, 11.999351788345953, 1

1.5601318494472638, 2.740886153105946, 1

2.9275001702205383, 2.719264911353625, 1

1.0313135500329507, 13.774629205733827, 1

0.395459085140657, 14.14106749145812, 1

5.6671245949307725, 8.36918746448877, 1

16.97061912677678, 14.320462162231749, 1

15.641616992529968, 4.740246463776634, 1

2.593853776360391, 1.3986361340115705, 1

12.008508952617438, 3.3405549091981324, 1

0.5926776948167722, 12.022947270492747, 1

13.751091102769529, 3.156620221718962, 1

18.152879038682492, 18.70604834700658, 1

14.614515638220343, 9.197615288979835, 1

3.6214394561204477, 10.132905011815211, 1

16.887884026254998, 0.5021664529221082, 1

17.438307448019536, 16.2984248682248, 1

5.4623199427500975, 12.494717656530156, 1

14.623720407740361, 1.3372305892464587, 1

17.133526914735086, 5.734262056454591, 1

17.938433770586947, 7.034761347685703, 1

8.154847297929845, 11.118651660684645, 1

2.4322349637377183, 4.288697891140821, 1

2.26455763805564, 5.58901968557789, 1

6.389295561916846, 7.743896870073024, 1

8.91930244406108, 14.09428912407449, 1

7.65375653776503, 7.489907012294356, 1

10.283656527277769, 14.503689851582546, 1

1.6340906292277424, 9.818292607939084, 1

11.595143085057275, 19.04815245976729, 1

9.939405315021707, 3.197358541887838, 1

15.42295488313308, 12.47541996658283, 1

7.950118545848063, 15.922082145533771, 1

8.30039483687215, 11.291616721986015, 1

7.776995653818091, 16.31708745991307, 1

3.4602426492917226, 9.27273388545968, 1

5.550407825908259, 19.649535380044917, 1

13.938246879449673, 2.9872422128618914, 1

6.370113889146005, 11.723258509056642, 1

14.185595817293539, 11.581122995728077, 1

15.082739231418108, 7.14076589243729, 1

5.506479238941515, 8.068621120686007, 1

17.525032792155816, 4.780878823399435, 1

14.374223411102285, 10.972287583819206, 1

10.8873715911993, 15.116079984670808, 1

10.218370210490244, 12.462535042443657, 1

14.886984778668497, 9.94590804840119, 1

6.83078634439473, 9.356148106561943, 1

16.308343495981774, 19.931279883570824, 1

0.40157245312334666, 3.7021023822135857, 1

11.820272821148713, 11.550356925686946, 1

12.343450983973748, 19.356683884912144, 1

12.973648266311207, 17.72688961537948, 1

4.603432770090475, 4.999844646467224, 1

10.640807590486375, 19.144596801012, 1

8.20483725407428, 19.96365413486708, 1

1.2346838848273967, 9.0943294316492, 1

7.661520213629702, 1.9788573318588853, 1

7.587195278931855, 8.23134439913206, 1

13.346276652066209, 8.54995829844408, 1

18.13171245914397, 17.454976009020278, 1

2.4627538090928858, 8.143945166532765, 1

15.487683554764091, 15.735791821756564, 1

14.5568347033264, 14.682130528180942, 1

19.25392608085628, 11.950100054934945, 1

1.2891117924846163, 15.275364722280532, 1

8.590742662532737, 1.242257155705806, 1

2.6877524903170458, 10.06636638568927, 1

17.461050872234694, 5.888198809727683, 1

7.369611964726537, 8.62096251818436, 1

0.01031799770332853, 15.320521877232036, 1

2.111906549333238, 12.554140554749878, 1

9.95370951480303, 0.7592092336110867, 1

9.60565979006567, 15.554491771785353, 1

0.4659334299290663, 7.965046338583424, 1

2.989589199209588, 1.3588343820337134, 1

0.8834081795060245, 8.71966118630478, 1

4.20784552557614, 15.93970071570399, 1

5.836211105981189, 17.22233663771917, 1

18.158533389894412, 3.202061499706046, 1

7.555323215323293, 13.786718839067426, 1

14.404196033520101, 7.049011082314845, 1

12.082810736162218, 14.542548640748706, 1

6.656983712781432, 7.269532409361819, 1

3.501803375575716, 18.52037199033218, 1

3.1811350923802006, 4.0760672536573095, 1

0.8376124296975962, 16.327353247607782, 1

4.348203245199396, 5.649413099007181, 1

3.6287016615087397, 5.068944179429904, 1

17.26234117717444, 15.464696862181853, 1

8.520848295399725, 8.477455361610042, 1

8.178953289871526, 1.6334157591000698, 1

14.052602679379183, 15.690615771690739, 1

5.156509873685957, 2.8129237612046287, 1

4.703943044339298, 15.565336982585462, 1

0.1196424564211962, 11.924632700695987, 1

8.663194155719388, 19.106215752347175, 1

17.54440282067015, 7.52846272933978, 1

17.004170237734233, 13.0071832382435, 1

18.223897154635008, 0.9107659566993798, 1

1.9700702748178922, 2.016006994478723, 1

13.362418156091831, 18.12282778833241, 1

0.8535522829286823, 10.088926116438941, 1

3.7970600708457325, 9.92921127451439, 1

18.199793763875732, 13.815633899187576, 1

7.878821074910228, 8.123530247279776, 1

13.185685553783518, 13.034971781329007, 1

10.161923826972128, 6.592355675510135, 1

18.6287948527201, 6.518711327565816, 1

8.125892614265066, 5.182619612946335, 1

6.358706180178537, 0.8870448448450974, 1

10.670997433407338, 9.391642825602736, 1

19.64685579188861, 2.1605736982732693, 1

9.814398205937145, 4.278670524375454, 1

12.109424762423654, 4.002907741766137, 1

4.6124616716071465, 13.376577975660744, 1

7.962491792510624, 11.221473346079405, 1

5.087107487243312, 4.326312754057195, 1

15.568323009434488, 17.669007532178114, 1

17.35693866212062, 8.104179720730338, 1

18.03794903240681, 9.978400684104026, 1

2.1164811033548814, 19.41137673251687, 1

10.424767717777748, 9.997263768539987, 1

2.2603229119138324, 9.449237357111056, 1

18.710626984407725, 19.5982091045697, 1

13.60376741170862, 8.284494699802561, 1

12.964962260449504, 9.10694962705557, 1

16.23419233672051, 1.6512968061120303, 1

8.003823815483987, 15.282706013245038, 1

8.693299076553881, 18.39099897614586, 1

2.7557657664037505, 17.290724783094625, 1

7.688953761055879, 5.6823810393529905, 1

10.986971332545048, 0.7517911599706206, 1

3.077161211155226, 10.093416468691746, 1

8.003002691517215, 12.245051844186216, 1

12.308538198129762, 0.03470450628940247, 1

1.5016303275793685, 0.027010750290668017, 1

5.93916658752099, 9.252486154737593, 1

19.98490001352126, 10.414439124304433, 1

9.438435202773741, 10.919412957320896, 1

10.947744069904527, 3.686929396470491, 1

3.0692210707009293, 4.273716425026899, 1

13.88983377596875, 12.626856290993436, 1

15.406847787297579, 11.5023767477847, 1

7.146733406683488, 0.6902250202460958, 1

1.9831229087822577, 8.787671892509508, 1

6.4589154671106, 6.723325862887799, 1

17.640279173927002, 12.00880554398928, 1

15.951431655556627, 11.252596485172663, 1

9.473198548961202, 0.043998397924249755, 1

4.366532520024807, 17.78858483878293, 1

19.77340779028286, 0.3340088176972178, 1

8.16177370425088, 3.5885687806180466, 1

6.4173249732680615, 16.356132209815783, 1

2.8673391227304923, 6.909825995372656, 1

18.39683618533771, 17.22134291426365, 1

4.125784656356828, 18.148365875772356, 1

3.7064182035126003, 1.3251224838398645, 1

3.3484690680690443, 1.349777589986989, 1

19.536320600115996, 16.141092005650595, 1

19.511664060889274, 12.415316379654564, 1

16.396873595510204, 3.2717368717220063, 1

19.27086118811976, 15.232553934218789, 1

12.471384044494972, 13.377617383626653, 1

14.7566667024879, 19.13794823975654, 1

0.3502323100117466, 19.240961382976458, 1

13.698732992412253, 17.5018086178615, 1

5.4980086674561175, 3.296314277318253, 1

7.918801403384663, 17.575931016280165, 1

15.717064943009454, 10.647057227036827, 1

5.307078348609404, 5.137341325719984, 1

8.695444024412915, 13.41585421496635, 1

17.036142430257645, 12.807477244731505, 1

1.601421916526149, 10.945666760866288, 1

12.779841174088807, 0.6903445534907227, 1

0.08166568888449133, 10.1833706894223, 1

11.164102827662155, 19.952943347067198, 1

4.408601999082212, 19.90024621074281, 1

0.7204426275166464, 3.8118291412115735, 1

9.340272349745556, 6.015725771530902, 1

13.879374031627433, 3.46803832269142, 1

5.872727519212646, 2.335794173068295, 1

17.016913162951262, 18.35553093307003, 1

13.205908758719179, 8.514913563513, 1

11.202997468450937, 9.247372086041231, 1

8.77084552281094, 19.956271627301057, 1

2.436890345367879, 8.473544210058432, 1

13.319889100310418, 17.24325318855319, 1

12.234348932275761, 3.2396009339232523, 1

8.822091340380924, 9.235999042300477, 1

11.612772008658085, 11.03514939175117, 1

8.631148886064224, 4.421553197126689, 1

13.770419797693519, 16.49337266477427, 1

17.48192953603305, 16.45554599064421, 1

17.638192410805743, 18.640046026752398, 1

10.741051941945196, 15.711142872884082, 1

15.4768731688313, 15.152328343031645, 1

9.077629056287327, 6.777765553513905, 1

18.036900259014097, 9.069689807732058, 1

15.941897520969109, 9.246916646412771, 1

2.852826106081605, 12.241679852371856, 1

15.912045761025013, 0.08438601612240859, 1

7.895804529560488, 4.078403605866166, 1

8.522092259191096, 7.698500533613388, 1

12.236326176176162, 8.844440560256759, 1

16.532380465299347, 6.011575546022801, 1

15.100677343656027, 10.01993673711441, 1

12.148132070770487, 2.527244617435469, 1

15.189181343435425, 14.791129771925554, 1

15.913521381190865, 12.311251946874908, 1

0.04972963762711391, 8.556470785157606, 1

17.027244581597643, 5.305079435163467, 1

11.932915381663927, 12.586571849399093, 1

14.631832268815065, 9.078238486238305, 1

9.011063147373019, 10.979952105013048, 1

0.9497290506210221, 5.831228529442988, 1

2.218707017036936, 8.966846595748786, 1

1.6075388153704795, 14.864115507453251, 1

12.724949864335766, 2.2503185358777023, 1

17.045986985654892, 18.171336412928362, 1

10.207792403445646, 12.082834552122431, 1

2.9912405127315633, 6.158628660223988, 1

16.073804354698062, 9.31766417364399, 1

4.999297615132965, 19.040124205928556, 1

3.0642417417904277, 10.781341352184622, 1

1.5988374209163014, 13.866876617590016, 1

3.3910946091199645, 19.082455491831208, 1

11.095945881549458, 9.007202723545864, 1

11.454800228514511, 1.195227742261229, 1

11.286352167632787, 6.804836961177756, 1

10.756778375378195, 4.614981171677703, 1

17.448538014258602, 0.9599682558634748, 1

2.9199910968015796, 0.07181764753378062, 1

10.751290176635347, 17.61444477270291, 1

17.42581826116527, 8.974503722055967, 1

17.689623617187998, 0.20641954196569667, 1

16.864787056569693, 4.7921013590264145, 1

7.492118516299032, 11.904122277862124, 1

0.24456271563354282, 19.744650617416532, 1

0.8294918753240266, 6.9399996408342695, 1

18.6565927435593, 12.519052743135841, 1

19.100049951379862, 2.4137105895053335, 1

19.63319659101201, 2.6956409817601523, 1

3.904735501503984, 7.905934737456837, 1

12.661179361087795, 9.30238415567797, 1

17.546038284538547, 6.341257260796094, 1

7.938566080223932, 19.483819284070275, 1

2.5931285476085852, 10.567392597135985, 1

16.70324780886189, 19.174936722634307, 1

1.5470033261678662, 14.34574963056594, 1

16.925748210698437, 18.584909550036972, 1

17.459046768372083, 3.4935840738725066, 1

10.265053545358398, 17.876269765487297, 1

3.6764923813792105, 19.27237589775497, 1

13.947450600196653, 6.871753872890909, 1

4.913111560660573, 9.536078742738693, 1

14.817249216412327, 13.063232431854921, 1

12.398651923113274, 13.25144210794704, 1

4.769249662619785, 5.040639130395592, 1

19.92182812877295, 4.202417575438176, 1

3.94375762832478, 17.112621076885812, 1

5.621331298163998, 13.778347727467885, 1

14.836622632102037, 14.70427299727337, 1

12.757664048690705, 3.725706910742006, 1

16.26208552420104, 2.2658946797047474, 1

9.256704069151596, 6.650422980639721, 1

1.2638692599952384, 0.7220581679216065, 1

15.81811767577392, 5.68409593186058, 1

0.19995951488772645, 18.494428191040594, 1

19.893119918240437, 3.646230229569387, 1

6.877173488708568, 9.462120592208505, 1

8.174406699843628, 10.345421936706831, 1

19.56668641444616, 13.34438075291385, 1

1.7956963378289026, 10.648609661989807, 1

0.5314099772158887, 12.940445756292462, 1

12.173663479899478, 9.916299005336999, 1

0.231077972799556, 0.6253361530438362, 1

18.59826230696123, 14.601496001544058, 1

9.712423392899032, 17.55089656040194, 1

3.2183214550705763, 2.5636776533065353, 1

15.93799315898779, 12.542844267821351, 1

9.180388584621914, 0.04732461646338226, 1

10.864261648837301, 10.567795795270232, 1

0.26905112794902486, 1.2627282693250774, 1

1.7927112008515955, 5.92192955399915, 1

13.890014617494085, 9.47292045608388, 1

13.335029203433148, 7.3325534466174265, 1

3.316074791163486, 10.958640760196968, 1

4.77958561462648, 19.814991739584258, 1

3.089043897289332, 19.442683748679773, 1

16.400513309884776, 17.22242079150853, 1

8.221093427863748, 16.899896834660815, 1

6.475463043291598, 0.7827098242787378, 1

8.518640011948989, 4.572339222226029, 1

15.180162642993682, 16.434871915919494, 1

7.430594580563272, 3.858754864149818, 1

16.952954856838506, 4.709028973214586, 1

2.4959336707494972, 19.027513922670884, 1

0.8404694342908603, 6.035955195936616, 1

9.928605594461137, 16.849949898669472, 1

16.96303171199629, 0.15190003642149952, 1

10.91202680980841, 19.5483580191978, 1

16.291116884107947, 4.247923065656902, 1

10.076983673022198, 12.51433509540826, 1

11.300262285452959, 11.154542300189242, 1

4.4844547892154445, 6.465295542949185, 1

16.605874828119024, 10.588962612069148, 1

2.902484407351682, 10.146400588645555, 1

12.070181065163066, 17.20389178335069, 1

12.935395905569468, 0.724335255746702, 1

15.50468030419883, 9.20303415888268, 1

18.56169498940975, 16.342666320301323, 1

17.201903762869684, 19.130168980543438, 1

11.093361023991182, 6.471266070092636, 1

3.9253071219503277, 1.5526202928842792, 1

6.053462700009453, 13.340513756727976, 1

8.106320994061933, 18.096032356926365, 1

15.00909369012472, 0.23516618670524236, 1

4.2485559841222535, 6.862990160755816, 1

7.102216364603489, 7.556297655435628, 1

9.287260219565232, 12.13635525529535, 1

11.429793437221168, 8.143850117032304, 1

17.77549634619493, 18.005918005045277, 1

10.56575853201203, 19.456121186814336, 1

10.13947945419561, 6.0475071000392795, 1

12.357909493997516, 5.703667865799053, 1

9.149061313544324, 10.79156494443107, 1

2.2368766002024, 1.9437017124827372, 1

7.240529730851815, 9.943157357270785, 1

13.38328014408958, 3.098761246097139, 1

2.5820669142074792, 7.788409210746316, 1

15.29120278202708, 12.63312467295078, 1

11.697026535177443, 19.61933342499268, 1

7.030360741418795, 7.166055076463587, 1

17.533291755959066, 13.93697418544232, 1

13.751652475233072, 7.748265198717896, 1

12.68538455224557, 16.587572207282374, 1

16.572696410308122, 14.210203795952811, 1

17.15840139037203, 3.56820266625115, 1

19.36616440638702, 12.965126472626116, 1

14.224571601738646, 6.523332877908274, 1

9.061557068838145, 5.167536035773075, 1

3.8794982409368095, 8.186887490588248, 1

11.294529445383262, 10.453698300370897, 1

6.206547397361238, 7.985796450029143, 1

0.8718378063656362, 17.8101205353832, 1

6.635119802173442, 1.454113303650011, 1

9.067178413371831, 2.1404186059679198, 1

8.464061544867194, 18.235687486800728, 1

12.367992914537888, 16.163394281506203, 1

18.432954291027475, 16.32279725014717, 1

8.288149590011006, 17.42854922734623, 1

16.84959191525887, 12.361692660382795, 1

13.263338980425461, 3.5128248874443346, 1

3.8095720561402846, 15.972936041445445, 1

11.24281547854598, 0.14381866560853052, 1

13.329923465214952, 8.722954724357074, 1

9.10773810471225, 1.4755697792756628, 1

0.9744709546809194, 18.91435099581235, 1

3.7044717008886385, 4.728871924223947, 1

2.2050759982049084, 16.257517486754985, 1

3.893305281136097, 8.550383651698843, 1

7.848312462831277, 19.1817082451849, 1

4.195367562341414, 7.314367153970078, 1

9.279080024553458, 2.957011258148796, 1

12.003009674197349, 0.6728470726830316, 1

11.248460787054613, 4.656154422058942, 1

0.24922367970210413, 13.086665366181492, 1

8.969499800102835, 7.8133501234192355, 1

8.617205154273563, 9.91765333878158, 1

16.868243282527523, 10.278536104544491, 1

16.304297161011686, 6.999455010374394, 1

8.133591126205232, 10.1981213466974, 1

1.007744535888031, 19.146453802495813, 1

13.477223082349532, 17.84557713288536, 1

1.0620982986375305, 18.599603581258616, 1

17.914865352128732, 11.939242519901999, 1

9.121395222452286, 16.264970688621744, 1

18.034653901503944, 0.09163118903918521, 1

1.5848004033794183, 19.956983741254117, 1

0.7087936803900807, 11.45825564813772, 1

8.04083541136049, 16.903431664416942, 1

2.9047247871234894, 11.00938946339838, 1

4.189953024053525, 5.334402349355345, 1

18.43685533485933, 7.427994796365196, 1

13.861324680478976, 8.832795389953581, 1

14.714711261908729, 0.3817376261366867, 1

17.772866875959675, 8.80040054711014, 1

2.2184236688239567, 13.788196408360246, 1

9.750633874118062, 0.3010411764655019, 1

5.863525085781234, 3.6305265799909314, 1

9.429979350400275, 6.746508796960282, 1

0.15188185023177647, 9.295018277721724, 1

1.470148551631525, 14.405786308377802, 1

7.397167404848572, 4.086812468461627, 1

8.826894723078368, 0.5624553206311833, 1

12.674298539830094, 4.369062720794901, 1

8.062556397713088, 2.5356192268620403, 1

16.460190224002275, 5.359085199384976, 1

2.23928577091683, 10.133826551831175, 1

13.988456478192369, 9.811790910555986, 1

2.425873948347108, 10.709020594850585, 1

14.682976612487558, 18.756097814221157, 1

18.818828512201616, 6.916172485111549, 1

6.613925272956857, 4.7816832463137615, 1

18.627421269362124, 8.853504734844577, 1

1.6465353903326307, 13.194513812913467, 1

6.629113534568165, 5.8922005726787585, 1

17.076807500660806, 3.500067572806611, 1

12.267520913604802, 14.491952598377189, 1

8.162047918208039, 0.13210524584775785, 1

3.7189102324716083, 10.725177123888143, 1

14.806963864626548, 2.1681764175231844, 1

2.3967393149433702, 0.6130629462736192, 1

6.814030195446938, 14.800525660911386, 1

12.60613670322587, 16.851929560321384, 1

14.498956603235163, 3.5243016077446954, 1

10.83449860097576, 12.574938209027186, 1

17.687326785400717, 2.36436640343211, 1

7.66803310701847, 11.144565315961882, 1

16.329651157669296, 19.398376046346712, 1

3.4677926821254834, 11.791689586056883, 1

15.305276221390438, 6.345815186638156, 1

8.308776531805457, 17.096024021468782, 1

8.133279291867726, 2.0038260642334804, 1

0.8245946715397534, 1.2311646435836576, 1

7.322833078602224, 19.563059013664066, 1

9.969518441021442, 12.786129843859392, 1

0.7358794401060864, 11.281664913010996, 1

6.5075057095923805, 19.921390727402013, 1

2.8688227787957454, 2.5456188694377024, 1

1.7274969959659692, 9.864384649324267, 1

5.729595561668179, 17.19915018975628, 1

12.960979891766646, 11.742835179517838, 1

8.333455569834282, 3.2005217457919577, 1

2.5075058083709956, 9.702040380573552, 1

17.06994172707, 5.925486319619628, 1

12.331136720331457, 14.643451805032448, 1

10.65427157101723, 9.14996887368699, 1

8.487988064787332, 18.831852180552875, 1

18.2744077044906, 15.904592285565842, 1

14.278129543345273, 1.8458927253103496, 1

12.237942853303107, 14.173529714356231, 1

10.936187047500427, 7.875663492039006, 1

16.088769735213017, 4.784636017358183, 1

3.207398191731581, 18.689199122757213, 1

15.703458752003808, 1.39686125792986, 1

7.86209181361391, 3.1704082742143913, 1

19.036801788582505, 6.014789176466233, 1

0.24227693162570896, 4.713406640242219, 1

4.670740594726118, 15.754871757408592, 1

9.428783226310935, 5.723091951952108, 1

8.783962553455481, 9.571650463583053, 1

1.517737061214115, 8.99505529967314, 1

8.793215229078957, 12.278928483338724, 1

5.788807614017437, 3.5332665015707354, 1

15.715053384775468, 0.33784021679459375, 1

0.17457697244486425, 10.345230715875335, 1

11.540992004552663, 14.045950006361327, 1

6.803602329430188, 13.64758996589556, 1

9.70005999323153, 9.855613776407434, 1

15.31746831839662, 16.747479359270553, 1

6.051227575779052, 4.113154069339822, 1

2.5974612269885755, 18.354032169789097, 1

3.7234384264526255, 8.19300721852956, 1

14.180336593633115, 11.55146549794223, 1

2.9911026121880213, 8.46573212351277, 1

17.343463468161584, 12.484931424628877, 1

14.835734754003571, 9.567116008818598, 1

5.912327565201096, 15.47530081142354, 1

1.4034451582986063, 5.663027207091469, 1

5.4113690431342665, 5.830949166020112, 1

12.938526970002464, 13.633334704464096, 1

14.792270921310035, 8.046456403550579, 1

3.5488177462002612, 10.842099237194438, 1

19.206000126523385, 14.381211332283918, 1

13.383278279141917, 7.43295872000097, 1

2.6320154166717358, 13.715768699986446, 1

13.0372080583487, 0.6776965387843159, 1

12.112569796358219, 1.8408486275096458, 1

1.568675631926506, 2.97692164596175, 1

9.647522038788829, 19.114654071055924, 1

8.54174403123963, 3.433712179110062, 1

13.633432911644668, 11.390703536787292, 1

7.686688951793923, 7.464583004304872, 1

19.141495015378332, 16.551359779621833, 1

8.22937886292182, 9.467177958526165, 1

16.96773713732407, 17.536120819409177, 1

2.48282463486988, 12.031387015567923, 1

0.3707186824084374, 2.1091956018620728, 1

3.0463754223658124, 2.5179962966611225, 1

0.09739671008946349, 10.227056129460042, 1

